Workbook

Sheet Raw Audit Data
A1: S.No | B1: Building Name | C1: Block / Zone | D1: Auditor Name | E1: Audit Date | F1: Entrance & Approach | L1: Lifts & Stairs | R1: Corridors & Pathways | V1: Signage & Wayfinding | Z1: Washroom Accessibility | AF1: Emergency & Safety | AK1: Classroom & Furniture | AN1: External & Common Facilities | AR1: Entrance & Approach Score % | AS1: Lifts & Stairs Score % | AT1: Corridors & Pathways Score % | AU1: Signage & Wayfinding Score % | AV1: Washroom Accessibility Score % | AW1: Emergency & Safety Score % | AX1: Classroom & Furniture Score % | AY1: External & Common Facilities Score % | AZ1: Overall Score % | BA1: Compliance Rating | BB1: Remarks
F2: Is the main entrance step-free? | G2: Is a ramp available at the entrance? | H2: Is the ramp slope gentle enough for a wheelchair? | I2: Does the ramp have a non-slip surface? | J2: Are doors easy to open (light push or automatic)? | K2: Is the entrance wide enough for a wheelchair? | L2: Is a lift / elevator available? | M2: Does the lift have Braille buttons? | N2: Does the lift announce floors (audio)? | O2: Can a wheelchair fit inside the lift? | P2: Do staircases have handrails on both sides? | Q2: Do stair edges have warning strips? | R2: Are corridors wide enough for a wheelchair? | S2: Is there enough space for a wheelchair to turn? | T2: Are pathways clear of obstacles? | U2: Is the flooring non-slip? | V2: Is Braille signage available at rooms / floors? | W2: Is the disability symbol displayed? | X2: Is a floor directory / map at the entrance? | Y2: Are room numbers placed at a readable height? | Z2: Is an accessible washroom available? | AA2: Is the washroom door wide enough for a wheelchair? | AB2: Are grab bars installed in the washroom? | AC2: Does the accessible washroom have proper signage? | AD2: Is the wash basin at a reachable height? | AE2: Is there an emergency alarm in the accessible washroom? | AF2: Is there an accessible emergency exit? | AG2: Is a visual fire alarm (flashing light) available? | AH2: Is an audible fire alarm available? | AI2: Is there an evacuation plan for disabled persons? | AJ2: Is a safe waiting area available on each floor? | AK2: Are wheelchair-friendly desks / tables available? | AL2: Is there accessible seating (front row / aisle)? | AM2: Is the classroom well-lit? | AN2: Is accessible parking available? | AO2: Is there an accessible path from parking to entrance? | AP2: Is the drinking water facility reachable from a wheelchair? | AQ2: Is the canteen counter accessible?
A3: 1 | B3: Zakir A | C3: Zakir Husain Block | D3: Vaibhav Tiwari | E3: 26-Sep-2026 | F3: No | G3: No | H3: No | I3: No | J3: No | K3: Yes | L3: Yes | M3: Yes | N3: No | O3: Yes | P3: Yes | Q3: No | R3: Yes | S3: Yes | T3: Yes | U3: Partial | V3: No | W3: No | X3: Yes | Y3: Yes | Z3: Yes | AA3: Yes | AB3: Yes | AC3: Partial | AD3: Yes | AE3: No | AF3: No | AG3: No | AH3: Yes | AI3: No | AJ3: No | AK3: No | AL3: Yes | AM3: Yes | AN3: Yes | AO3: No | AP3: Yes | AQ3: Yes | AR3: =IFERROR((COUNTIF(F3:K3,"Yes")+0.5*COUNTIF(F3:K3,"Partial"))/(COUNTA(F3:K3)-COUNTIF(F3:K3,"NA"))*100,"") | AS3: =IFERROR((COUNTIF(L3:Q3,"Yes")+0.5*COUNTIF(L3:Q3,"Partial"))/(COUNTA(L3:Q3)-COUNTIF(L3:Q3,"NA"))*100,"") | AT3: =IFERROR((COUNTIF(R3:U3,"Yes")+0.5*COUNTIF(R3:U3,"Partial"))/(COUNTA(R3:U3)-COUNTIF(R3:U3,"NA"))*100,"") | AU3: =IFERROR((COUNTIF(V3:Y3,"Yes")+0.5*COUNTIF(V3:Y3,"Partial"))/(COUNTA(V3:Y3)-COUNTIF(V3:Y3,"NA"))*100,"") | AV3: =IFERROR((COUNTIF(Z3:AE3,"Yes")+0.5*COUNTIF(Z3:AE3,"Partial"))/(COUNTA(Z3:AE3)-COUNTIF(Z3:AE3,"NA"))*100,"") | AW3: =IFERROR((COUNTIF(AF3:AJ3,"Yes")+0.5*COUNTIF(AF3:AJ3,"Partial"))/(COUNTA(AF3:AJ3)-COUNTIF(AF3:AJ3,"NA"))*100,"") | AX3: =IFERROR((COUNTIF(AK3:AM3,"Yes")+0.5*COUNTIF(AK3:AM3,"Partial"))/(COUNTA(AK3:AM3)-COUNTIF(AK3:AM3,"NA"))*100,"") | AY3: =IFERROR((COUNTIF(AN3:AQ3,"Yes")+0.5*COUNTIF(AN3:AQ3,"Partial"))/(COUNTA(AN3:AQ3)-COUNTIF(AN3:AQ3,"NA"))*100,"") | AZ3: =IFERROR(AVERAGE(IF(ISNUMBER(AR3:AY3),AR3:AY3)),"") | BA3: =IF(AZ3="","",IF(AZ3>=80,"Compliant",IF(AZ3>=50,"Partial","Non-Compliant")))
A4: 2 | B4: Zakir B | C4: Zakir Husain Block | D4: Vaibhav Tiwari | E4: 26-Sep-2026 | F4: No | G4: No | H4: No | I4: No | J4: No | K4: Yes | L4: Yes | M4: Yes | N4: No | O4: Yes | P4: Yes | Q4: No | R4: Yes | S4: Yes | T4: Yes | U4: Partial | V4: No | W4: No | X4: Yes | Y4: Yes | Z4: Yes | AA4: Yes | AB4: Yes | AC4: Partial | AD4: Yes | AE4: No | AF4: No | AG4: No | AH4: Yes | AI4: No | AJ4: No | AK4: No | AL4: Yes | AM4: Yes | AN4: Yes | AO4: No | AP4: Yes | AQ4: Yes | AR4: =IFERROR((COUNTIF(F4:K4,"Yes")+0.5*COUNTIF(F4:K4,"Partial"))/(COUNTA(F4:K4)-COUNTIF(F4:K4,"NA"))*100,"") | AS4: =IFERROR((COUNTIF(L4:Q4,"Yes")+0.5*COUNTIF(L4:Q4,"Partial"))/(COUNTA(L4:Q4)-COUNTIF(L4:Q4,"NA"))*100,"") | AT4: =IFERROR((COUNTIF(R4:U4,"Yes")+0.5*COUNTIF(R4:U4,"Partial"))/(COUNTA(R4:U4)-COUNTIF(R4:U4,"NA"))*100,"") | AU4: =IFERROR((COUNTIF(V4:Y4,"Yes")+0.5*COUNTIF(V4:Y4,"Partial"))/(COUNTA(V4:Y4)-COUNTIF(V4:Y4,"NA"))*100,"") | AV4: =IFERROR((COUNTIF(Z4:AE4,"Yes")+0.5*COUNTIF(Z4:AE4,"Partial"))/(COUNTA(Z4:AE4)-COUNTIF(Z4:AE4,"NA"))*100,"") | AW4: =IFERROR((COUNTIF(AF4:AJ4,"Yes")+0.5*COUNTIF(AF4:AJ4,"Partial"))/(COUNTA(AF4:AJ4)-COUNTIF(AF4:AJ4,"NA"))*100,"") | AX4: =IFERROR((COUNTIF(AK4:AM4,"Yes")+0.5*COUNTIF(AK4:AM4,"Partial"))/(COUNTA(AK4:AM4)-COUNTIF(AK4:AM4,"NA"))*100,"") | AY4: =IFERROR((COUNTIF(AN4:AQ4,"Yes")+0.5*COUNTIF(AN4:AQ4,"Partial"))/(COUNTA(AN4:AQ4)-COUNTIF(AN4:AQ4,"NA"))*100,"") | AZ4: =IFERROR(AVERAGE(IF(ISNUMBER(AR4:AY4),AR4:AY4)),"") | BA4: =IF(AZ4="","",IF(AZ4>=80,"Compliant",IF(AZ4>=50,"Partial","Non-Compliant")))
A5: 3 | B5: Zakir C | C5: Zakir Husain Block | D5: Vaibhav Tiwari | E5: 26-Sep-2026 | F5: No | G5: No | H5: No | I5: No | J5: No | K5: Yes | L5: Yes | M5: Yes | N5: No | O5: Yes | P5: Yes | Q5: No | R5: Yes | S5: Yes | T5: Yes | U5: Partial | V5: No | W5: No | X5: Yes | Y5: Yes | Z5: Yes | AA5: Yes | AB5: Yes | AC5: Partial | AD5: Yes | AE5: No | AF5: No | AG5: No | AH5: Yes | AI5: No | AJ5: No | AK5: No | AL5: Yes | AM5: Yes | AN5: Yes | AO5: No | AP5: Yes | AQ5: Yes | AR5: =IFERROR((COUNTIF(F5:K5,"Yes")+0.5*COUNTIF(F5:K5,"Partial"))/(COUNTA(F5:K5)-COUNTIF(F5:K5,"NA"))*100,"") | AS5: =IFERROR((COUNTIF(L5:Q5,"Yes")+0.5*COUNTIF(L5:Q5,"Partial"))/(COUNTA(L5:Q5)-COUNTIF(L5:Q5,"NA"))*100,"") | AT5: =IFERROR((COUNTIF(R5:U5,"Yes")+0.5*COUNTIF(R5:U5,"Partial"))/(COUNTA(R5:U5)-COUNTIF(R5:U5,"NA"))*100,"") | AU5: =IFERROR((COUNTIF(V5:Y5,"Yes")+0.5*COUNTIF(V5:Y5,"Partial"))/(COUNTA(V5:Y5)-COUNTIF(V5:Y5,"NA"))*100,"") | AV5: =IFERROR((COUNTIF(Z5:AE5,"Yes")+0.5*COUNTIF(Z5:AE5,"Partial"))/(COUNTA(Z5:AE5)-COUNTIF(Z5:AE5,"NA"))*100,"") | AW5: =IFERROR((COUNTIF(AF5:AJ5,"Yes")+0.5*COUNTIF(AF5:AJ5,"Partial"))/(COUNTA(AF5:AJ5)-COUNTIF(AF5:AJ5,"NA"))*100,"") | AX5: =IFERROR((COUNTIF(AK5:AM5,"Yes")+0.5*COUNTIF(AK5:AM5,"Partial"))/(COUNTA(AK5:AM5)-COUNTIF(AK5:AM5,"NA"))*100,"") | AY5: =IFERROR((COUNTIF(AN5:AQ5,"Yes")+0.5*COUNTIF(AN5:AQ5,"Partial"))/(COUNTA(AN5:AQ5)-COUNTIF(AN5:AQ5,"NA"))*100,"") | AZ5: =IFERROR(AVERAGE(IF(ISNUMBER(AR5:AY5),AR5:AY5)),"") | BA5: =IF(AZ5="","",IF(AZ5>=80,"Compliant",IF(AZ5>=50,"Partial","Non-Compliant")))
A6: 4 | B6: NC 1 | C6: Nek Chand Block | D6: Vaibhav Tiwari | E6: 26-Sep-2026 | F6: Yes | G6: No | H6: No | I6: No | J6: No | K6: Yes | L6: Yes | M6: Yes | N6: No | O6: Yes | P6: Yes | Q6: No | R6: Yes | S6: Yes | T6: Yes | U6: Partial | V6: No | W6: No | X6: Yes | Y6: Yes | Z6: Yes | AA6: Yes | AB6: Yes | AC6: Partial | AD6: Yes | AE6: No | AF6: Yes | AG6: No | AH6: Yes | AI6: No | AJ6: No | AK6: No | AL6: Yes | AM6: Yes | AN6: Yes | AO6: Yes | AP6: Partial | AQ6: Yes | AR6: =IFERROR((COUNTIF(F6:K6,"Yes")+0.5*COUNTIF(F6:K6,"Partial"))/(COUNTA(F6:K6)-COUNTIF(F6:K6,"NA"))*100,"") | AS6: =IFERROR((COUNTIF(L6:Q6,"Yes")+0.5*COUNTIF(L6:Q6,"Partial"))/(COUNTA(L6:Q6)-COUNTIF(L6:Q6,"NA"))*100,"") | AT6: =IFERROR((COUNTIF(R6:U6,"Yes")+0.5*COUNTIF(R6:U6,"Partial"))/(COUNTA(R6:U6)-COUNTIF(R6:U6,"NA"))*100,"") | AU6: =IFERROR((COUNTIF(V6:Y6,"Yes")+0.5*COUNTIF(V6:Y6,"Partial"))/(COUNTA(V6:Y6)-COUNTIF(V6:Y6,"NA"))*100,"") | AV6: =IFERROR((COUNTIF(Z6:AE6,"Yes")+0.5*COUNTIF(Z6:AE6,"Partial"))/(COUNTA(Z6:AE6)-COUNTIF(Z6:AE6,"NA"))*100,"") | AW6: =IFERROR((COUNTIF(AF6:AJ6,"Yes")+0.5*COUNTIF(AF6:AJ6,"Partial"))/(COUNTA(AF6:AJ6)-COUNTIF(AF6:AJ6,"NA"))*100,"") | AX6: =IFERROR((COUNTIF(AK6:AM6,"Yes")+0.5*COUNTIF(AK6:AM6,"Partial"))/(COUNTA(AK6:AM6)-COUNTIF(AK6:AM6,"NA"))*100,"") | AY6: =IFERROR((COUNTIF(AN6:AQ6,"Yes")+0.5*COUNTIF(AN6:AQ6,"Partial"))/(COUNTA(AN6:AQ6)-COUNTIF(AN6:AQ6,"NA"))*100,"") | AZ6: =IFERROR(AVERAGE(IF(ISNUMBER(AR6:AY6),AR6:AY6)),"") | BA6: =IF(AZ6="","",IF(AZ6>=80,"Compliant",IF(AZ6>=50,"Partial","Non-Compliant")))
A7: 5 | B7: NC 2 | C7: Nek Chand Block | D7: Vaibhav Tiwari | E7: 26-Sep-2026 | F7: Yes | G7: No | H7: No | I7: No | J7: No | K7: Yes | L7: yes | M7: Yes | N7: No | O7: Yes | P7: Yes | Q7: No | R7: Yes | S7: Yes | T7: Yes | U7: Partial | V7: No | W7: No | X7: Yes | Y7: Yes | Z7: Yes | AA7: Yes | AB7: Yes | AC7: Partial | AD7: Yes | AE7: No | AF7: Yes | AG7: No | AH7: Yes | AI7: No | AJ7: No | AK7: No | AL7: Yes | AM7: Yes | AN7: Yes | AO7: Yes | AP7: Partial | AQ7: Yes | AR7: =IFERROR((COUNTIF(F7:K7,"Yes")+0.5*COUNTIF(F7:K7,"Partial"))/(COUNTA(F7:K7)-COUNTIF(F7:K7,"NA"))*100,"") | AS7: =IFERROR((COUNTIF(L7:Q7,"Yes")+0.5*COUNTIF(L7:Q7,"Partial"))/(COUNTA(L7:Q7)-COUNTIF(L7:Q7,"NA"))*100,"") | AT7: =IFERROR((COUNTIF(R7:U7,"Yes")+0.5*COUNTIF(R7:U7,"Partial"))/(COUNTA(R7:U7)-COUNTIF(R7:U7,"NA"))*100,"") | AU7: =IFERROR((COUNTIF(V7:Y7,"Yes")+0.5*COUNTIF(V7:Y7,"Partial"))/(COUNTA(V7:Y7)-COUNTIF(V7:Y7,"NA"))*100,"") | AV7: =IFERROR((COUNTIF(Z7:AE7,"Yes")+0.5*COUNTIF(Z7:AE7,"Partial"))/(COUNTA(Z7:AE7)-COUNTIF(Z7:AE7,"NA"))*100,"") | AW7: =IFERROR((COUNTIF(AF7:AJ7,"Yes")+0.5*COUNTIF(AF7:AJ7,"Partial"))/(COUNTA(AF7:AJ7)-COUNTIF(AF7:AJ7,"NA"))*100,"") | AX7: =IFERROR((COUNTIF(AK7:AM7,"Yes")+0.5*COUNTIF(AK7:AM7,"Partial"))/(COUNTA(AK7:AM7)-COUNTIF(AK7:AM7,"NA"))*100,"") | AY7: =IFERROR((COUNTIF(AN7:AQ7,"Yes")+0.5*COUNTIF(AN7:AQ7,"Partial"))/(COUNTA(AN7:AQ7)-COUNTIF(AN7:AQ7,"NA"))*100,"") | AZ7: =IFERROR(AVERAGE(IF(ISNUMBER(AR7:AY7),AR7:AY7)),"") | BA7: =IF(AZ7="","",IF(AZ7>=80,"Compliant",IF(AZ7>=50,"Partial","Non-Compliant")))
A8: 6 | B8: NC 3 | C8: Nek Chand Block | D8: Vaibhav Tiwari | E8: 26-Sep-2026 | F8: Yes | G8: No | H8: No | I8: No | J8: No | K8: Yes | L8: Yes | M8: Yes | N8: No | O8: Yes | P8: Yes | Q8: No | R8: Yes | S8: Yes | T8: Yes | U8: Partial | V8: No | W8: No | X8: Yes | Y8: Yes | Z8: Yes | AA8: Yes | AB8: Yes | AC8: Partial | AD8: Yes | AE8: No | AF8: Yes | AG8: No | AH8: Yes | AI8: No | AJ8: No | AK8: No | AL8: Yes | AM8: Yes | AN8: Yes | AO8: Yes | AP8: Partial | AQ8: Yes | AR8: =IFERROR((COUNTIF(F8:K8,"Yes")+0.5*COUNTIF(F8:K8,"Partial"))/(COUNTA(F8:K8)-COUNTIF(F8:K8,"NA"))*100,"") | AS8: =IFERROR((COUNTIF(L8:Q8,"Yes")+0.5*COUNTIF(L8:Q8,"Partial"))/(COUNTA(L8:Q8)-COUNTIF(L8:Q8,"NA"))*100,"") | AT8: =IFERROR((COUNTIF(R8:U8,"Yes")+0.5*COUNTIF(R8:U8,"Partial"))/(COUNTA(R8:U8)-COUNTIF(R8:U8,"NA"))*100,"") | AU8: =IFERROR((COUNTIF(V8:Y8,"Yes")+0.5*COUNTIF(V8:Y8,"Partial"))/(COUNTA(V8:Y8)-COUNTIF(V8:Y8,"NA"))*100,"") | AV8: =IFERROR((COUNTIF(Z8:AE8,"Yes")+0.5*COUNTIF(Z8:AE8,"Partial"))/(COUNTA(Z8:AE8)-COUNTIF(Z8:AE8,"NA"))*100,"") | AW8: =IFERROR((COUNTIF(AF8:AJ8,"Yes")+0.5*COUNTIF(AF8:AJ8,"Partial"))/(COUNTA(AF8:AJ8)-COUNTIF(AF8:AJ8,"NA"))*100,"") | AX8: =IFERROR((COUNTIF(AK8:AM8,"Yes")+0.5*COUNTIF(AK8:AM8,"Partial"))/(COUNTA(AK8:AM8)-COUNTIF(AK8:AM8,"NA"))*100,"") | AY8: =IFERROR((COUNTIF(AN8:AQ8,"Yes")+0.5*COUNTIF(AN8:AQ8,"Partial"))/(COUNTA(AN8:AQ8)-COUNTIF(AN8:AQ8,"NA"))*100,"") | AZ8: =IFERROR(AVERAGE(IF(ISNUMBER(AR8:AY8),AR8:AY8)),"") | BA8: =IF(AZ8="","",IF(AZ8>=80,"Compliant",IF(AZ8>=50,"Partial","Non-Compliant")))
A9: 7 | B9: NC 4 | C9: Nek Chand Block | D9: Vaibhav Tiwari | E9: 26-Sep-2026 | F9: Yes | G9: No | H9: No | I9: No | J9: No | K9: Yes | L9: Yes | M9: Yes | N9: No | O9: Yes | P9: Yes | Q9: No | R9: Yes | S9: Yes | T9: Yes | U9: Partial | V9: No | W9: No | X9: Yes | Y9: Yes | Z9: Yes | AA9: Yes | AB9: Yes | AC9: Partial | AD9: Yes | AE9: No | AF9: Yes | AG9: No | AH9: Yes | AI9: No | AJ9: No | AK9: No | AL9: Yes | AM9: Yes | AN9: Yes | AO9: Yes | AP9: Partial | AQ9: Yes | AR9: =IFERROR((COUNTIF(F9:K9,"Yes")+0.5*COUNTIF(F9:K9,"Partial"))/(COUNTA(F9:K9)-COUNTIF(F9:K9,"NA"))*100,"") | AS9: =IFERROR((COUNTIF(L9:Q9,"Yes")+0.5*COUNTIF(L9:Q9,"Partial"))/(COUNTA(L9:Q9)-COUNTIF(L9:Q9,"NA"))*100,"") | AT9: =IFERROR((COUNTIF(R9:U9,"Yes")+0.5*COUNTIF(R9:U9,"Partial"))/(COUNTA(R9:U9)-COUNTIF(R9:U9,"NA"))*100,"") | AU9: =IFERROR((COUNTIF(V9:Y9,"Yes")+0.5*COUNTIF(V9:Y9,"Partial"))/(COUNTA(V9:Y9)-COUNTIF(V9:Y9,"NA"))*100,"") | AV9: =IFERROR((COUNTIF(Z9:AE9,"Yes")+0.5*COUNTIF(Z9:AE9,"Partial"))/(COUNTA(Z9:AE9)-COUNTIF(Z9:AE9,"NA"))*100,"") | AW9: =IFERROR((COUNTIF(AF9:AJ9,"Yes")+0.5*COUNTIF(AF9:AJ9,"Partial"))/(COUNTA(AF9:AJ9)-COUNTIF(AF9:AJ9,"NA"))*100,"") | AX9: =IFERROR((COUNTIF(AK9:AM9,"Yes")+0.5*COUNTIF(AK9:AM9,"Partial"))/(COUNTA(AK9:AM9)-COUNTIF(AK9:AM9,"NA"))*100,"") | AY9: =IFERROR((COUNTIF(AN9:AQ9,"Yes")+0.5*COUNTIF(AN9:AQ9,"Partial"))/(COUNTA(AN9:AQ9)-COUNTIF(AN9:AQ9,"NA"))*100,"") | AZ9: =IFERROR(AVERAGE(IF(ISNUMBER(AR9:AY9),AR9:AY9)),"") | BA9: =IF(AZ9="","",IF(AZ9>=80,"Compliant",IF(AZ9>=50,"Partial","Non-Compliant")))
A10: 8 | B10: NC 5 | C10: Nek Chand Block | D10: Vaibhav Tiwari | E10: 26-Sep-2026 | F10: Yes | G10: No | H10: No | I10: No | J10: No | K10: Yes | L10: Yes | M10: Yes | N10: No | O10: Yes | P10: Yes | Q10: No | R10: Yes | S10: Yes | T10: Yes | U10: Partial | V10: No | W10: No | X10: Yes | Y10: Yes | Z10: Yes | AA10: Yes | AB10: Yes | AC10: Partial | AD10: Yes | AE10: No | AF10: Yes | AG10: No | AH10: Yes | AI10: No | AJ10: No | AK10: No | AL10: Yes | AM10: Yes | AN10: Yes | AO10: Yes | AP10: Partial | AQ10: Yes | AR10: =IFERROR((COUNTIF(F10:K10,"Yes")+0.5*COUNTIF(F10:K10,"Partial"))/(COUNTA(F10:K10)-COUNTIF(F10:K10,"NA"))*100,"") | AS10: =IFERROR((COUNTIF(L10:Q10,"Yes")+0.5*COUNTIF(L10:Q10,"Partial"))/(COUNTA(L10:Q10)-COUNTIF(L10:Q10,"NA"))*100,"") | AT10: =IFERROR((COUNTIF(R10:U10,"Yes")+0.5*COUNTIF(R10:U10,"Partial"))/(COUNTA(R10:U10)-COUNTIF(R10:U10,"NA"))*100,"") | AU10: =IFERROR((COUNTIF(V10:Y10,"Yes")+0.5*COUNTIF(V10:Y10,"Partial"))/(COUNTA(V10:Y10)-COUNTIF(V10:Y10,"NA"))*100,"") | AV10: =IFERROR((COUNTIF(Z10:AE10,"Yes")+0.5*COUNTIF(Z10:AE10,"Partial"))/(COUNTA(Z10:AE10)-COUNTIF(Z10:AE10,"NA"))*100,"") | AW10: =IFERROR((COUNTIF(AF10:AJ10,"Yes")+0.5*COUNTIF(AF10:AJ10,"Partial"))/(COUNTA(AF10:AJ10)-COUNTIF(AF10:AJ10,"NA"))*100,"") | AX10: =IFERROR((COUNTIF(AK10:AM10,"Yes")+0.5*COUNTIF(AK10:AM10,"Partial"))/(COUNTA(AK10:AM10)-COUNTIF(AK10:AM10,"NA"))*100,"") | AY10: =IFERROR((COUNTIF(AN10:AQ10,"Yes")+0.5*COUNTIF(AN10:AQ10,"Partial"))/(COUNTA(AN10:AQ10)-COUNTIF(AN10:AQ10,"NA"))*100,"") | AZ10: =IFERROR(AVERAGE(IF(ISNUMBER(AR10:AY10),AR10:AY10)),"") | BA10: =IF(AZ10="","",IF(AZ10>=80,"Compliant",IF(AZ10>=50,"Partial","Non-Compliant")))
A11: 9 | B11: D1 | C11: D Block | D11: Vaibhav Tiwari | E11: 26-Sep-2026 | F11: Yes | G11: Yes | H11: Yes | I11: Yes | J11: Partial | K11: Yes | L11: Yes | M11: Yes | N11: No | O11: Yes | P11: Yes | Q11: No | R11: Yes | S11: Yes | T11: Yes | U11: Partial | V11: No | W11: Yes | X11: Yes | Y11: Yes | Z11: Yes | AA11: Yes | AB11: Yes | AC11: Yes | AD11: Yes | AE11: No | AF11: Yes | AG11: No | AH11: Yes | AI11: No | AJ11: No | AK11: No | AL11: Yes | AM11: Yes | AN11: Yes | AO11: Yes | AP11: Partial | AQ11: Yes | AR11: =IFERROR((COUNTIF(F11:K11,"Yes")+0.5*COUNTIF(F11:K11,"Partial"))/(COUNTA(F11:K11)-COUNTIF(F11:K11,"NA"))*100,"") | AS11: =IFERROR((COUNTIF(L11:Q11,"Yes")+0.5*COUNTIF(L11:Q11,"Partial"))/(COUNTA(L11:Q11)-COUNTIF(L11:Q11,"NA"))*100,"") | AT11: =IFERROR((COUNTIF(R11:U11,"Yes")+0.5*COUNTIF(R11:U11,"Partial"))/(COUNTA(R11:U11)-COUNTIF(R11:U11,"NA"))*100,"") | AU11: =IFERROR((COUNTIF(V11:Y11,"Yes")+0.5*COUNTIF(V11:Y11,"Partial"))/(COUNTA(V11:Y11)-COUNTIF(V11:Y11,"NA"))*100,"") | AV11: =IFERROR((COUNTIF(Z11:AE11,"Yes")+0.5*COUNTIF(Z11:AE11,"Partial"))/(COUNTA(Z11:AE11)-COUNTIF(Z11:AE11,"NA"))*100,"") | AW11: =IFERROR((COUNTIF(AF11:AJ11,"Yes")+0.5*COUNTIF(AF11:AJ11,"Partial"))/(COUNTA(AF11:AJ11)-COUNTIF(AF11:AJ11,"NA"))*100,"") | AX11: =IFERROR((COUNTIF(AK11:AM11,"Yes")+0.5*COUNTIF(AK11:AM11,"Partial"))/(COUNTA(AK11:AM11)-COUNTIF(AK11:AM11,"NA"))*100,"") | AY11: =IFERROR((COUNTIF(AN11:AQ11,"Yes")+0.5*COUNTIF(AN11:AQ11,"Partial"))/(COUNTA(AN11:AQ11)-COUNTIF(AN11:AQ11,"NA"))*100,"") | AZ11: =IFERROR(AVERAGE(IF(ISNUMBER(AR11:AY11),AR11:AY11)),"") | BA11: =IF(AZ11="","",IF(AZ11>=80,"Compliant",IF(AZ11>=50,"Partial","Non-Compliant")))
A12: 10 | B12: D2 | C12: D Block | D12: Vaibhav Tiwari | E12: 26-Sep-2026 | F12: Yes | G12: Yes | H12: Yes | I12: Yes | J12: Partial | K12: Yes | L12: Yes | M12: Yes | N12: No | O12: Yes | P12: Yes | Q12: No | R12: Yes | S12: Yes | T12: Yes | U12: Partial | V12: No | W12: Yes | X12: Yes | Y12: Yes | Z12: Yes | AA12: Yes | AB12: Yes | AC12: Yes | AD12: Yes | AE12: No | AF12: Yes | AG12: No | AH12: Yes | AI12: No | AJ12: No | AK12: No | AL12: Yes | AM12: Yes | AN12: Yes | AO12: Yes | AP12: Partial | AQ12: Yes | AR12: =IFERROR((COUNTIF(F12:K12,"Yes")+0.5*COUNTIF(F12:K12,"Partial"))/(COUNTA(F12:K12)-COUNTIF(F12:K12,"NA"))*100,"") | AS12: =IFERROR((COUNTIF(L12:Q12,"Yes")+0.5*COUNTIF(L12:Q12,"Partial"))/(COUNTA(L12:Q12)-COUNTIF(L12:Q12,"NA"))*100,"") | AT12: =IFERROR((COUNTIF(R12:U12,"Yes")+0.5*COUNTIF(R12:U12,"Partial"))/(COUNTA(R12:U12)-COUNTIF(R12:U12,"NA"))*100,"") | AU12: =IFERROR((COUNTIF(W12:X12,"Yes")+0.5*COUNTIF(W12:X12,"Partial"))/(COUNTA(W12:X12)-COUNTIF(W12:X12,"NA"))*100,"") | AV12: =IFERROR((COUNTIF(Z12:AE12,"Yes")+0.5*COUNTIF(Z12:AE12,"Partial"))/(COUNTA(Z12:AE12)-COUNTIF(Z12:AE12,"NA"))*100,"") | AW12: =IFERROR((COUNTIF(AF12:AJ12,"Yes")+0.5*COUNTIF(AF12:AJ12,"Partial"))/(COUNTA(AF12:AJ12)-COUNTIF(AF12:AJ12,"NA"))*100,"") | AX12: =IFERROR((COUNTIF(AK12:AM12,"Yes")+0.5*COUNTIF(AK12:AM12,"Partial"))/(COUNTA(AK12:AM12)-COUNTIF(AK12:AM12,"NA"))*100,"") | AY12: =IFERROR((COUNTIF(AN12:AQ12,"Yes")+0.5*COUNTIF(AN12:AQ12,"Partial"))/(COUNTA(AN12:AQ12)-COUNTIF(AN12:AQ12,"NA"))*100,"") | AZ12: =IFERROR(AVERAGE(IF(ISNUMBER(AR12:AY12),AR12:AY12)),"") | BA12: =IF(AZ12="","",IF(AZ12>=80,"Compliant",IF(AZ12>=50,"Partial","Non-Compliant")))
A13: 11 | B13: D3 | C13: D Block | D13: Vaibhav Tiwari | E13: 26-Sep-2026 | F13: Yes | G13: Yes | H13: Yes | I13: Yes | J13: Partial | K13: Yes | L13: Yes | M13: Yes | N13: No | O13: Yes | P13: Yes | Q13: No | R13: Yes | S13: Yes | T13: Yes | U13: Partial | V13: No | W13: Yes | X13: Yes | Y13: Yes | Z13: Yes | AA13: Yes | AB13: Yes | AC13: Yes | AD13: Yes | AE13: No | AF13: Yes | AG13: No | AH13: Yes | AI13: No | AJ13: No | AK13: No | AL13: Yes | AM13: Yes | AN13: Yes | AO13: Yes | AP13: Partial | AQ13: Yes | AR13: =IFERROR((COUNTIF(F13:K13,"Yes")+0.5*COUNTIF(F13:K13,"Partial"))/(COUNTA(F13:K13)-COUNTIF(F13:K13,"NA"))*100,"") | AS13: =IFERROR((COUNTIF(L13:Q13,"Yes")+0.5*COUNTIF(L13:Q13,"Partial"))/(COUNTA(L13:Q13)-COUNTIF(L13:Q13,"NA"))*100,"") | AT13: =IFERROR((COUNTIF(R13:U13,"Yes")+0.5*COUNTIF(R13:U13,"Partial"))/(COUNTA(R13:U13)-COUNTIF(R13:U13,"NA"))*100,"") | AU13: =IFERROR((COUNTIF(V13:Y13,"Yes")+0.5*COUNTIF(V13:Y13,"Partial"))/(COUNTA(V13:Y13)-COUNTIF(V13:Y13,"NA"))*100,"") | AV13: =IFERROR((COUNTIF(Z13:AE13,"Yes")+0.5*COUNTIF(Z13:AE13,"Partial"))/(COUNTA(Z13:AE13)-COUNTIF(Z13:AE13,"NA"))*100,"") | AW13: =IFERROR((COUNTIF(AF13:AJ13,"Yes")+0.5*COUNTIF(AF13:AJ13,"Partial"))/(COUNTA(AF13:AJ13)-COUNTIF(AF13:AJ13,"NA"))*100,"") | AX13: =IFERROR((COUNTIF(AK13:AM13,"Yes")+0.5*COUNTIF(AK13:AM13,"Partial"))/(COUNTA(AK13:AM13)-COUNTIF(AK13:AM13,"NA"))*100,"") | AY13: =IFERROR((COUNTIF(AN13:AQ13,"Yes")+0.5*COUNTIF(AN13:AQ13,"Partial"))/(COUNTA(AN13:AQ13)-COUNTIF(AN13:AQ13,"NA"))*100,"") | AZ13: =IFERROR(AVERAGE(IF(ISNUMBER(AR13:AY13),AR13:AY13)),"") | BA13: =IF(AZ13="","",IF(AZ13>=80,"Compliant",IF(AZ13>=50,"Partial","Non-Compliant")))
A14: 12 | B14: D4 | C14: D Block | D14: Vaibhav Tiwari | E14: 26-Sep-2026 | F14: Yes | G14: Yes | H14: Yes | I14: Yes | J14: Partial | K14: Yes | L14: Yes | M14: Yes | N14: No | O14: Yes | P14: Yes | Q14: No | R14: Yes | S14: Yes | T14: Yes | U14: Partial | V14: No | W14: Yes | X14: Yes | Y14: Yes | Z14: Yes | AA14: Yes | AB14: Yes | AC14: Yes | AD14: Yes | AE14: No | AF14: Yes | AG14: No | AH14: Yes | AI14: No | AJ14: No | AK14: No | AL14: Yes | AM14: Yes | AN14: Yes | AO14: Yes | AP14: Partial | AQ14: Yes | AR14: =IFERROR((COUNTIF(F14:K14,"Yes")+0.5*COUNTIF(F14:K14,"Partial"))/(COUNTA(F14:K14)-COUNTIF(F14:K14,"NA"))*100,"") | AS14: =IFERROR((COUNTIF(L14:Q14,"Yes")+0.5*COUNTIF(L14:Q14,"Partial"))/(COUNTA(L14:Q14)-COUNTIF(L14:Q14,"NA"))*100,"") | AT14: =IFERROR((COUNTIF(R14:U14,"Yes")+0.5*COUNTIF(R14:U14,"Partial"))/(COUNTA(R14:U14)-COUNTIF(R14:U14,"NA"))*100,"") | AU14: =IFERROR((COUNTIF(V14:Y14,"Yes")+0.5*COUNTIF(V14:Y14,"Partial"))/(COUNTA(V14:Y14)-COUNTIF(V14:Y14,"NA"))*100,"") | AV14: =IFERROR((COUNTIF(Z14:AE14,"Yes")+0.5*COUNTIF(Z14:AE14,"Partial"))/(COUNTA(Z14:AE14)-COUNTIF(Z14:AE14,"NA"))*100,"") | AW14: =IFERROR((COUNTIF(AF14:AJ14,"Yes")+0.5*COUNTIF(AF14:AJ14,"Partial"))/(COUNTA(AF14:AJ14)-COUNTIF(AF14:AJ14,"NA"))*100,"") | AX14: =IFERROR((COUNTIF(AK14:AM14,"Yes")+0.5*COUNTIF(AK14:AM14,"Partial"))/(COUNTA(AK14:AM14)-COUNTIF(AK14:AM14,"NA"))*100,"") | AY14: =IFERROR((COUNTIF(AN14:AQ14,"Yes")+0.5*COUNTIF(AN14:AQ14,"Partial"))/(COUNTA(AN14:AQ14)-COUNTIF(AN14:AQ14,"NA"))*100,"") | AZ14: =IFERROR(AVERAGE(IF(ISNUMBER(AR14:AY14),AR14:AY14)),"") | BA14: =IF(AZ14="","",IF(AZ14>=80,"Compliant",IF(AZ14>=50,"Partial","Non-Compliant")))
A15: 13 | B15: D5 | C15: D Block | D15: Vaibhav Tiwari | E15: 26-Sep-2026 | F15: Yes | G15: Yes | H15: Yes | I15: Yes | J15: Partial | K15: Yes | L15: Yes | M15: Yes | N15: No | O15: Yes | P15: Yes | Q15: No | R15: Yes | S15: Yes | T15: Yes | U15: Partial | V15: No | W15: Yes | X15: Yes | Y15: Yes | Z15: Yes | AA15: Yes | AB15: Yes | AC15: Yes | AD15: Yes | AE15: No | AF15: Yes | AG15: No | AH15: Yes | AI15: No | AJ15: No | AK15: No | AL15: Yes | AM15: Yes | AN15: Yes | AO15: Yes | AP15: Partial | AQ15: Yes | AR15: =IFERROR((COUNTIF(F15:K15,"Yes")+0.5*COUNTIF(F15:K15,"Partial"))/(COUNTA(F15:K15)-COUNTIF(F15:K15,"NA"))*100,"") | AS15: =IFERROR((COUNTIF(L15:Q15,"Yes")+0.5*COUNTIF(L15:Q15,"Partial"))/(COUNTA(L15:Q15)-COUNTIF(L15:Q15,"NA"))*100,"") | AT15: =IFERROR((COUNTIF(R15:U15,"Yes")+0.5*COUNTIF(R15:U15,"Partial"))/(COUNTA(R15:U15)-COUNTIF(R15:U15,"NA"))*100,"") | AU15: =IFERROR((COUNTIF(V15:Y15,"Yes")+0.5*COUNTIF(V15:Y15,"Partial"))/(COUNTA(V15:Y15)-COUNTIF(V15:Y15,"NA"))*100,"") | AV15: =IFERROR((COUNTIF(Z15:AE15,"Yes")+0.5*COUNTIF(Z15:AE15,"Partial"))/(COUNTA(Z15:AE15)-COUNTIF(Z15:AE15,"NA"))*100,"") | AW15: =IFERROR((COUNTIF(AF15:AJ15,"Yes")+0.5*COUNTIF(AF15:AJ15,"Partial"))/(COUNTA(AF15:AJ15)-COUNTIF(AF15:AJ15,"NA"))*100,"") | AX15: =IFERROR((COUNTIF(AK15:AM15,"Yes")+0.5*COUNTIF(AK15:AM15,"Partial"))/(COUNTA(AK15:AM15)-COUNTIF(AK15:AM15,"NA"))*100,"") | AY15: =IFERROR((COUNTIF(AN15:AQ15,"Yes")+0.5*COUNTIF(AN15:AQ15,"Partial"))/(COUNTA(AN15:AQ15)-COUNTIF(AN15:AQ15,"NA"))*100,"") | AZ15: =IFERROR(AVERAGE(IF(ISNUMBER(AR15:AY15),AR15:AY15)),"") | BA15: =IF(AZ15="","",IF(AZ15>=80,"Compliant",IF(AZ15>=50,"Partial","Non-Compliant")))
A16: 14 | B16: D6 | C16: D Block | D16: Vaibhav Tiwari | E16: 26-Sep-2026 | F16: Yes | G16: Yes | H16: Yes | I16: Yes | J16: Partial | K16: Yes | L16: Yes | M16: Yes | N16: No | O16: Yes | P16: Yes | Q16: No | R16: Yes | S16: Yes | T16: Yes | U16: Partial | V16: No | W16: Yes | X16: Yes | Y16: Yes | Z16: Yes | AA16: Yes | AB16: Yes | AC16: Yes | AD16: Yes | AE16: No | AF16: Yes | AG16: No | AH16: Yes | AI16: No | AJ16: No | AK16: No | AL16: Yes | AM16: Yes | AN16: Yes | AO16: Yes | AP16: Partial | AQ16: Yes | AR16: =IFERROR((COUNTIF(F16:K16,"Yes")+0.5*COUNTIF(F16:K16,"Partial"))/(COUNTA(F16:K16)-COUNTIF(F16:K16,"NA"))*100,"") | AS16: =IFERROR((COUNTIF(L16:Q16,"Yes")+0.5*COUNTIF(L16:Q16,"Partial"))/(COUNTA(L16:Q16)-COUNTIF(L16:Q16,"NA"))*100,"") | AT16: =IFERROR((COUNTIF(R16:U16,"Yes")+0.5*COUNTIF(R16:U16,"Partial"))/(COUNTA(R16:U16)-COUNTIF(R16:U16,"NA"))*100,"") | AU16: =IFERROR((COUNTIF(V16:Y16,"Yes")+0.5*COUNTIF(V16:Y16,"Partial"))/(COUNTA(V16:Y16)-COUNTIF(V16:Y16,"NA"))*100,"") | AV16: =IFERROR((COUNTIF(Z16:AE16,"Yes")+0.5*COUNTIF(Z16:AE16,"Partial"))/(COUNTA(Z16:AE16)-COUNTIF(Z16:AE16,"NA"))*100,"") | AW16: =IFERROR((COUNTIF(AF16:AJ16,"Yes")+0.5*COUNTIF(AF16:AJ16,"Partial"))/(COUNTA(AF16:AJ16)-COUNTIF(AF16:AJ16,"NA"))*100,"") | AX16: =IFERROR((COUNTIF(AK16:AM16,"Yes")+0.5*COUNTIF(AK16:AM16,"Partial"))/(COUNTA(AK16:AM16)-COUNTIF(AK16:AM16,"NA"))*100,"") | AY16: =IFERROR((COUNTIF(AN16:AQ16,"Yes")+0.5*COUNTIF(AN16:AQ16,"Partial"))/(COUNTA(AN16:AQ16)-COUNTIF(AN16:AQ16,"NA"))*100,"") | AZ16: =IFERROR(AVERAGE(IF(ISNUMBER(AR16:AY16),AR16:AY16)),"") | BA16: =IF(AZ16="","",IF(AZ16>=80,"Compliant",IF(AZ16>=50,"Partial","Non-Compliant")))
A17: 15 | B17: D7 | C17: D Block | D17: Vaibhav Tiwari | E17: 26-Sep-2026 | F17: Yes | G17: Yes | H17: Yes | I17: Yes | J17: Partial | K17: Yes | L17: Yes | M17: Yes | N17: No | O17: Yes | P17: Yes | Q17: No | R17: Yes | S17: Yes | T17: Yes | U17: Partial | V17: No | W17: Yes | X17: Yes | Y17: Yes | Z17: Yes | AA17: Yes | AB17: Yes | AC17: Yes | AD17: Yes | AE17: No | AF17: Yes | AG17: No | AH17: Yes | AI17: No | AJ17: No | AK17: No | AL17: Yes | AM17: Yes | AN17: Yes | AO17: Yes | AP17: Partial | AQ17: Yes | AR17: =IFERROR((COUNTIF(F17:K17,"Yes")+0.5*COUNTIF(F17:K17,"Partial"))/(COUNTA(F17:K17)-COUNTIF(F17:K17,"NA"))*100,"") | AS17: =IFERROR((COUNTIF(L17:Q17,"Yes")+0.5*COUNTIF(L17:Q17,"Partial"))/(COUNTA(L17:Q17)-COUNTIF(L17:Q17,"NA"))*100,"") | AT17: =IFERROR((COUNTIF(R17:U17,"Yes")+0.5*COUNTIF(R17:U17,"Partial"))/(COUNTA(R17:U17)-COUNTIF(R17:U17,"NA"))*100,"") | AU17: =IFERROR((COUNTIF(V17:Y17,"Yes")+0.5*COUNTIF(V17:Y17,"Partial"))/(COUNTA(V17:Y17)-COUNTIF(V17:Y17,"NA"))*100,"") | AV17: =IFERROR((COUNTIF(Z17:AE17,"Yes")+0.5*COUNTIF(Z17:AE17,"Partial"))/(COUNTA(Z17:AE17)-COUNTIF(Z17:AE17,"NA"))*100,"") | AW17: =IFERROR((COUNTIF(AF17:AJ17,"Yes")+0.5*COUNTIF(AF17:AJ17,"Partial"))/(COUNTA(AF17:AJ17)-COUNTIF(AF17:AJ17,"NA"))*100,"") | AX17: =IFERROR((COUNTIF(AK17:AM17,"Yes")+0.5*COUNTIF(AK17:AM17,"Partial"))/(COUNTA(AK17:AM17)-COUNTIF(AK17:AM17,"NA"))*100,"") | AY17: =IFERROR((COUNTIF(AN17:AQ17,"Yes")+0.5*COUNTIF(AN17:AQ17,"Partial"))/(COUNTA(AN17:AQ17)-COUNTIF(AN17:AQ17,"NA"))*100,"") | AZ17: =IFERROR(AVERAGE(IF(ISNUMBER(AR17:AY17),AR17:AY17)),"") | BA17: =IF(AZ17="","",IF(AZ17>=80,"Compliant",IF(AZ17>=50,"Partial","Non-Compliant")))
A18: 16 | B18: D8 | C18: D Block | D18: Vaibhav Tiwari | E18: 26-Sep-2026 | F18: Yes | G18: Yes | H18: Yes | I18: Yes | J18: Partial | K18: Yes | L18: Yes | M18: Yes | N18: No | O18: Yes | P18: Yes | Q18: No | R18: Yes | S18: Yes | T18: Yes | U18: Partial | V18: No | W18: Yes | X18: Yes | Y18: Yes | Z18: Yes | AA18: Yes | AB18: Yes | AC18: Yes | AD18: Yes | AE18: No | AF18: Yes | AG18: No | AH18: Yes | AI18: No | AJ18: No | AK18: No | AL18: Yes | AM18: Yes | AN18: Yes | AO18: Yes | AP18: Partial | AQ18: Yes | AR18: =IFERROR((COUNTIF(F18:K18,"Yes")+0.5*COUNTIF(F18:K18,"Partial"))/(COUNTA(F18:K18)-COUNTIF(F18:K18,"NA"))*100,"") | AS18: =IFERROR((COUNTIF(L18:Q18,"Yes")+0.5*COUNTIF(L18:Q18,"Partial"))/(COUNTA(L18:Q18)-COUNTIF(L18:Q18,"NA"))*100,"") | AT18: =IFERROR((COUNTIF(R18:U18,"Yes")+0.5*COUNTIF(R18:U18,"Partial"))/(COUNTA(R18:U18)-COUNTIF(R18:U18,"NA"))*100,"") | AU18: =IFERROR((COUNTIF(V18:Y18,"Yes")+0.5*COUNTIF(V18:Y18,"Partial"))/(COUNTA(V18:Y18)-COUNTIF(V18:Y18,"NA"))*100,"") | AV18: =IFERROR((COUNTIF(Z18:AE18,"Yes")+0.5*COUNTIF(Z18:AE18,"Partial"))/(COUNTA(Z18:AE18)-COUNTIF(Z18:AE18,"NA"))*100,"") | AW18: =IFERROR((COUNTIF(AF18:AJ18,"Yes")+0.5*COUNTIF(AF18:AJ18,"Partial"))/(COUNTA(AF18:AJ18)-COUNTIF(AF18:AJ18,"NA"))*100,"") | AX18: =IFERROR((COUNTIF(AK18:AM18,"Yes")+0.5*COUNTIF(AK18:AM18,"Partial"))/(COUNTA(AK18:AM18)-COUNTIF(AK18:AM18,"NA"))*100,"") | AY18: =IFERROR((COUNTIF(AN18:AQ18,"Yes")+0.5*COUNTIF(AN18:AQ18,"Partial"))/(COUNTA(AN18:AQ18)-COUNTIF(AN18:AQ18,"NA"))*100,"") | AZ18: =IFERROR(AVERAGE(IF(ISNUMBER(AR18:AY18),AR18:AY18)),"") | BA18: =IF(AZ18="","",IF(AZ18>=80,"Compliant",IF(AZ18>=50,"Partial","Non-Compliant")))
A19: 17 | B19: DD1 | C19: DD Block | D19: Vaibhav Tiwari | E19: 26-Sep-2026 | F19: No | G19: Yes | H19: Yes | I19: Partial | J19: No | K19: Yes | L19: No | M19: No | N19: No | O19: No | P19: No | Q19: No | R19: Yes | S19: No | T19: Yes | U19: Partial | V19: No | W19: No | X19: No | Y19: Yes | Z19: Yes | AA19: Yes | AB19: No | AC19: Yes | AD19: Yes | AE19: No | AF19: No | AG19: Yes | AH19: No | AI19: No | AJ19: No | AK19: No | AL19: No | AM19: No | AN19: Yes | AO19: Yes | AP19: Yes | AQ19: Yes | AR19: =IFERROR((COUNTIF(F19:K19,"Yes")+0.5*COUNTIF(F19:K19,"Partial"))/(COUNTA(F19:K19)-COUNTIF(F19:K19,"NA"))*100,"") | AS19: =IFERROR((COUNTIF(L19:Q19,"Yes")+0.5*COUNTIF(L19:Q19,"Partial"))/(COUNTA(L19:Q19)-COUNTIF(L19:Q19,"NA"))*100,"") | AT19: =IFERROR((COUNTIF(R19:U19,"Yes")+0.5*COUNTIF(R19:U19,"Partial"))/(COUNTA(R19:U19)-COUNTIF(R19:U19,"NA"))*100,"") | AU19: =IFERROR((COUNTIF(V19:Y19,"Yes")+0.5*COUNTIF(V19:Y19,"Partial"))/(COUNTA(V19:Y19)-COUNTIF(V19:Y19,"NA"))*100,"") | AV19: =IFERROR((COUNTIF(Z19:AE19,"Yes")+0.5*COUNTIF(Z19:AE19,"Partial"))/(COUNTA(Z19:AE19)-COUNTIF(Z19:AE19,"NA"))*100,"") | AW19: =IFERROR((COUNTIF(AF19:AJ19,"Yes")+0.5*COUNTIF(AF19:AJ19,"Partial"))/(COUNTA(AF19:AJ19)-COUNTIF(AF19:AJ19,"NA"))*100,"") | AX19: =IFERROR((COUNTIF(AK19:AM19,"Yes")+0.5*COUNTIF(AK19:AM19,"Partial"))/(COUNTA(AK19:AM19)-COUNTIF(AK19:AM19,"NA"))*100,"") | AY19: =IFERROR((COUNTIF(AN19:AQ19,"Yes")+0.5*COUNTIF(AN19:AQ19,"Partial"))/(COUNTA(AN19:AQ19)-COUNTIF(AN19:AQ19,"NA"))*100,"") | AZ19: =IFERROR(AVERAGE(IF(ISNUMBER(AR19:AY19),AR19:AY19)),"") | BA19: =IF(AZ19="","",IF(AZ19>=80,"Compliant",IF(AZ19>=50,"Partial","Non-Compliant")))
A20: 18 | B20: DD2 | C20: DD Block | D20: Vaibhav Tiwari | E20: 26-Sep-2026 | F20: No | G20: Yes | H20: Yes | I20: Partial | J20: No | K20: Yes | L20: No | M20: No | N20: No | O20: No | P20: No | Q20: No | R20: Yes | S20: No | T20: Yes | U20: Partial | V20: No | W20: No | X20: No | Y20: Yes | Z20: Yes | AA20: Yes | AB20: No | AC20: Yes | AD20: Yes | AE20: No | AF20: No | AG20: Yes | AH20: No | AI20: No | AJ20: No | AK20: No | AL20: No | AM20: No | AN20: Yes | AO20: Yes | AP20: Yes | AQ20: Yes | AR20: =IFERROR((COUNTIF(F20:K20,"Yes")+0.5*COUNTIF(F20:K20,"Partial"))/(COUNTA(F20:K20)-COUNTIF(F20:K20,"NA"))*100,"") | AS20: =IFERROR((COUNTIF(L20:Q20,"Yes")+0.5*COUNTIF(L20:Q20,"Partial"))/(COUNTA(L20:Q20)-COUNTIF(L20:Q20,"NA"))*100,"") | AT20: =IFERROR((COUNTIF(R20:U20,"Yes")+0.5*COUNTIF(R20:U20,"Partial"))/(COUNTA(R20:U20)-COUNTIF(R20:U20,"NA"))*100,"") | AU20: =IFERROR((COUNTIF(V20:Y20,"Yes")+0.5*COUNTIF(V20:Y20,"Partial"))/(COUNTA(V20:Y20)-COUNTIF(V20:Y20,"NA"))*100,"") | AV20: =IFERROR((COUNTIF(Z20:AE20,"Yes")+0.5*COUNTIF(Z20:AE20,"Partial"))/(COUNTA(Z20:AE20)-COUNTIF(Z20:AE20,"NA"))*100,"") | AW20: =IFERROR((COUNTIF(AF20:AJ20,"Yes")+0.5*COUNTIF(AF20:AJ20,"Partial"))/(COUNTA(AF20:AJ20)-COUNTIF(AF20:AJ20,"NA"))*100,"") | AX20: =IFERROR((COUNTIF(AK20:AM20,"Yes")+0.5*COUNTIF(AK20:AM20,"Partial"))/(COUNTA(AK20:AM20)-COUNTIF(AK20:AM20,"NA"))*100,"") | AY20: =IFERROR((COUNTIF(AN20:AQ20,"Yes")+0.5*COUNTIF(AN20:AQ20,"Partial"))/(COUNTA(AN20:AQ20)-COUNTIF(AN20:AQ20,"NA"))*100,"") | AZ20: =IFERROR(AVERAGE(IF(ISNUMBER(AR20:AY20),AR20:AY20)),"") | BA20: =IF(AZ20="","",IF(AZ20>=80,"Compliant",IF(AZ20>=50,"Partial","Non-Compliant")))
A21: 19 | B21: C1 | C21: C Block | D21: Vaibhav Tiwari | E21: 26-Sep-2026 | F21: No | G21: Yes | H21: Partial | I21: Yes | J21: No | K21: Yes | L21: Yes | M21: Yes | N21: No | O21: Yes | P21: Yes | Q21: No | R21: Yes | S21: Yes | T21: Yes | U21: Partial | V21: Yes | W21: Yes | X21: Yes | Y21: Yes | Z21: Yes | AA21: Yes | AB21: Yes | AC21: Yes | AD21: Yes | AE21: Yes | AF21: Yes | AG21: No | AH21: Yes | AI21: Partial | AJ21: No | AK21: Yes | AL21: Yes | AM21: Yes | AN21: Yes | AO21: Yes | AP21: Yes | AQ21: No | AR21: =IFERROR((COUNTIF(F21:K21,"Yes")+0.5*COUNTIF(F21:K21,"Partial"))/(COUNTA(F21:K21)-COUNTIF(F21:K21,"NA"))*100,"") | AS21: =IFERROR((COUNTIF(L21:Q21,"Yes")+0.5*COUNTIF(L21:Q21,"Partial"))/(COUNTA(L21:Q21)-COUNTIF(L21:Q21,"NA"))*100,"") | AT21: =IFERROR((COUNTIF(R21:U21,"Yes")+0.5*COUNTIF(R21:U21,"Partial"))/(COUNTA(R21:U21)-COUNTIF(R21:U21,"NA"))*100,"") | AU21: =IFERROR((COUNTIF(V21:Y21,"Yes")+0.5*COUNTIF(V21:Y21,"Partial"))/(COUNTA(V21:Y21)-COUNTIF(V21:Y21,"NA"))*100,"") | AV21: =IFERROR((COUNTIF(Z21:AE21,"Yes")+0.5*COUNTIF(Z21:AE21,"Partial"))/(COUNTA(Z21:AE21)-COUNTIF(Z21:AE21,"NA"))*100,"") | AW21: =IFERROR((COUNTIF(AF21:AJ21,"Yes")+0.5*COUNTIF(AF21:AJ21,"Partial"))/(COUNTA(AF21:AJ21)-COUNTIF(AF21:AJ21,"NA"))*100,"") | AX21: =IFERROR((COUNTIF(AK21:AM21,"Yes")+0.5*COUNTIF(AK21:AM21,"Partial"))/(COUNTA(AK21:AM21)-COUNTIF(AK21:AM21,"NA"))*100,"") | AY21: =IFERROR((COUNTIF(AN21:AQ21,"Yes")+0.5*COUNTIF(AN21:AQ21,"Partial"))/(COUNTA(AN21:AQ21)-COUNTIF(AN21:AQ21,"NA"))*100,"") | AZ21: =IFERROR(AVERAGE(IF(ISNUMBER(AR21:AY21),AR21:AY21)),"") | BA21: =IF(AZ21="","",IF(AZ21>=80,"Compliant",IF(AZ21>=50,"Partial","Non-Compliant")))
A22: 20 | B22: C2 | C22: C Block | D22: Vaibhav Tiwari | E22: 26-Sep-2026 | F22: No | G22: Yes | H22: Partial | I22: Yes | J22: No | K22: Yes | L22: Yes | M22: Yes | N22: No | O22: Yes | P22: Yes | Q22: No | R22: Yes | S22: Yes | T22: Yes | U22: Partial | V22: Yes | W22: Yes | X22: Yes | Y22: Yes | Z22: Yes | AA22: Yes | AB22: Yes | AC22: Yes | AD22: Yes | AE22: Yes | AF22: Yes | AG22: No | AH22: Yes | AI22: Partial | AJ22: No | AK22: Yes | AL22: Yes | AM22: Yes | AN22: Yes | AO22: Yes | AP22: Yes | AQ22: No | AR22: =IFERROR((COUNTIF(F22:K22,"Yes")+0.5*COUNTIF(F22:K22,"Partial"))/(COUNTA(F22:K22)-COUNTIF(F22:K22,"NA"))*100,"") | AS22: =IFERROR((COUNTIF(L22:Q22,"Yes")+0.5*COUNTIF(L22:Q22,"Partial"))/(COUNTA(L22:Q22)-COUNTIF(L22:Q22,"NA"))*100,"") | AT22: =IFERROR((COUNTIF(R22:U22,"Yes")+0.5*COUNTIF(R22:U22,"Partial"))/(COUNTA(R22:U22)-COUNTIF(R22:U22,"NA"))*100,"") | AU22: =IFERROR((COUNTIF(V22:Y22,"Yes")+0.5*COUNTIF(V22:Y22,"Partial"))/(COUNTA(V22:Y22)-COUNTIF(V22:Y22,"NA"))*100,"") | AV22: =IFERROR((COUNTIF(Z22:AE22,"Yes")+0.5*COUNTIF(Z22:AE22,"Partial"))/(COUNTA(Z22:AE22)-COUNTIF(Z22:AE22,"NA"))*100,"") | AW22: =IFERROR((COUNTIF(AF22:AJ22,"Yes")+0.5*COUNTIF(AF22:AJ22,"Partial"))/(COUNTA(AF22:AJ22)-COUNTIF(AF22:AJ22,"NA"))*100,"") | AX22: =IFERROR((COUNTIF(AK22:AM22,"Yes")+0.5*COUNTIF(AK22:AM22,"Partial"))/(COUNTA(AK22:AM22)-COUNTIF(AK22:AM22,"NA"))*100,"") | AY22: =IFERROR((COUNTIF(AN22:AQ22,"Yes")+0.5*COUNTIF(AN22:AQ22,"Partial"))/(COUNTA(AN22:AQ22)-COUNTIF(AN22:AQ22,"NA"))*100,"") | AZ22: =IFERROR(AVERAGE(IF(ISNUMBER(AR22:AY22),AR22:AY22)),"") | BA22: =IF(AZ22="","",IF(AZ22>=80,"Compliant",IF(AZ22>=50,"Partial","Non-Compliant")))
A23: 21 | B23: C3 | C23: C Block | D23: Vaibhav Tiwari | E23: 26-Sep-2026 | F23: Yes | G23: Yes | H23: Yes | I23: Yes | J23: Yes | K23: Yes | L23: Yes | M23: Yes | N23: No | O23: Yes | P23: Yes | Q23: No | R23: Yes | S23: Yes | T23: Yes | U23: Partial | V23: No | W23: No | X23: No | Y23: Yes | Z23: Yes | AA23: Yes | AB23: No | AC23: Yes | AD23: Yes | AE23: No | AF23: No | AG23: No | AH23: Yes | AI23: No | AJ23: No | AK23: No | AL23: Yes | AM23: Yes | AN23: Yes | AO23: Partial | AP23: Partial | AQ23: No | AR23: =IFERROR((COUNTIF(F23:K23,"Yes")+0.5*COUNTIF(F23:K23,"Partial"))/(COUNTA(F23:K23)-COUNTIF(F23:K23,"NA"))*100,"") | AS23: =IFERROR((COUNTIF(L23:Q23,"Yes")+0.5*COUNTIF(L23:Q23,"Partial"))/(COUNTA(L23:Q23)-COUNTIF(L23:Q23,"NA"))*100,"") | AT23: =IFERROR((COUNTIF(R23:U23,"Yes")+0.5*COUNTIF(R23:U23,"Partial"))/(COUNTA(R23:U23)-COUNTIF(R23:U23,"NA"))*100,"") | AU23: =IFERROR((COUNTIF(V23:Y23,"Yes")+0.5*COUNTIF(V23:Y23,"Partial"))/(COUNTA(V23:Y23)-COUNTIF(V23:Y23,"NA"))*100,"") | AV23: =IFERROR((COUNTIF(Z23:AE23,"Yes")+0.5*COUNTIF(Z23:AE23,"Partial"))/(COUNTA(Z23:AE23)-COUNTIF(Z23:AE23,"NA"))*100,"") | AW23: =IFERROR((COUNTIF(AF23:AJ23,"Yes")+0.5*COUNTIF(AF23:AJ23,"Partial"))/(COUNTA(AF23:AJ23)-COUNTIF(AF23:AJ23,"NA"))*100,"") | AX23: =IFERROR((COUNTIF(AK23:AM23,"Yes")+0.5*COUNTIF(AK23:AM23,"Partial"))/(COUNTA(AK23:AM23)-COUNTIF(AK23:AM23,"NA"))*100,"") | AY23: =IFERROR((COUNTIF(AN23:AQ23,"Yes")+0.5*COUNTIF(AN23:AQ23,"Partial"))/(COUNTA(AN23:AQ23)-COUNTIF(AN23:AQ23,"NA"))*100,"") | AZ23: =IFERROR(AVERAGE(IF(ISNUMBER(AR23:AY23),AR23:AY23)),"") | BA23: =IF(AZ23="","",IF(AZ23>=80,"Compliant",IF(AZ23>=50,"Partial","Non-Compliant")))
A24: 22 | B24: B1 | C24: B Block | D24: Vaibhav Tiwari | E24: 26-Sep-2026 | F24: No | G24: Yes | H24: Yes | I24: Yes | J24: Yes | K24: Yes | L24: Yes | M24: Yes | N24: No | O24: Yes | P24: Yes | Q24: No | R24: Yes | S24: Yes | T24: Yes | U24: Partial | V24: No | W24: No | X24: No | Y24: Yes | Z24: Yes | AA24: Yes | AB24: No | AC24: Yes | AD24: Yes | AE24: No | AF24: No | AG24: No | AH24: Yes | AI24: No | AJ24: No | AK24: No | AL24: Yes | AM24: Yes | AN24: No | AO24: Yes | AP24: Partial | AQ24: Yes | AR24: =IFERROR((COUNTIF(F24:K24,"Yes")+0.5*COUNTIF(F24:K24,"Partial"))/(COUNTA(F24:K24)-COUNTIF(F24:K24,"NA"))*100,"") | AS24: =IFERROR((COUNTIF(L24:Q24,"Yes")+0.5*COUNTIF(L24:Q24,"Partial"))/(COUNTA(L24:Q24)-COUNTIF(L24:Q24,"NA"))*100,"") | AT24: =IFERROR((COUNTIF(R24:U24,"Yes")+0.5*COUNTIF(R24:U24,"Partial"))/(COUNTA(R24:U24)-COUNTIF(R24:U24,"NA"))*100,"") | AU24: =IFERROR((COUNTIF(V24:Y24,"Yes")+0.5*COUNTIF(V24:Y24,"Partial"))/(COUNTA(V24:Y24)-COUNTIF(V24:Y24,"NA"))*100,"") | AV24: =IFERROR((COUNTIF(Z24:AE24,"Yes")+0.5*COUNTIF(Z24:AE24,"Partial"))/(COUNTA(Z24:AE24)-COUNTIF(Z24:AE24,"NA"))*100,"") | AW24: =IFERROR((COUNTIF(AF24:AJ24,"Yes")+0.5*COUNTIF(AF24:AJ24,"Partial"))/(COUNTA(AF24:AJ24)-COUNTIF(AF24:AJ24,"NA"))*100,"") | AX24: =IFERROR((COUNTIF(AK24:AM24,"Yes")+0.5*COUNTIF(AK24:AM24,"Partial"))/(COUNTA(AK24:AM24)-COUNTIF(AK24:AM24,"NA"))*100,"") | AY24: =IFERROR((COUNTIF(AN24:AQ24,"Yes")+0.5*COUNTIF(AN24:AQ24,"Partial"))/(COUNTA(AN24:AQ24)-COUNTIF(AN24:AQ24,"NA"))*100,"") | AZ24: =IFERROR(AVERAGE(IF(ISNUMBER(AR24:AY24),AR24:AY24)),"") | BA24: =IF(AZ24="","",IF(AZ24>=80,"Compliant",IF(AZ24>=50,"Partial","Non-Compliant")))
... A31: 29 | B31: A3 | C31: A Block | D31: Vaibhav Tiwari | E31: 26-Sep-2026 | F31: No | G31: Yes | H31: Yes | I31: Yes | J31: Yes | K31: Yes | L31: Yes | M31: Yes | N31: Yes | O31: Yes | P31: Yes | Q31: Yes | R31: Yes | S31: Yes | T31: Yes | U31: Yes | V31: Yes | W31: Yes | X31: Yes | Y31: Yes | Z31: Yes | AA31: Yes | AB31: Yes | AC31: Yes | AD31: Yes | AE31: Yes | AF31: Yes | AG31: Yes | AH31: Yes | AI31: Yes | AJ31: Partial | AK31: Yes | AL31: Yes | AM31: Yes | AN31: Yes | AO31: Yes | AP31: Yes | AQ31: Yes | AR31: =IFERROR((COUNTIF(F31:K31,"Yes")+0.5*COUNTIF(F31:K31,"Partial"))/(COUNTA(F31:K31)-COUNTIF(F31:K31,"NA"))*100,"") | AS31: =IFERROR((COUNTIF(L31:Q31,"Yes")+0.5*COUNTIF(L31:Q31,"Partial"))/(COUNTA(L31:Q31)-COUNTIF(L31:Q31,"NA"))*100,"") | AT31: =IFERROR((COUNTIF(R31:U31,"Yes")+0.5*COUNTIF(R31:U31,"Partial"))/(COUNTA(R31:U31)-COUNTIF(R31:U31,"NA"))*100,"") | AU31: =IFERROR((COUNTIF(V31:Y31,"Yes")+0.5*COUNTIF(V31:Y31,"Partial"))/(COUNTA(V31:Y31)-COUNTIF(V31:Y31,"NA"))*100,"") | AV31: =IFERROR((COUNTIF(Z31:AE31,"Yes")+0.5*COUNTIF(Z31:AE31,"Partial"))/(COUNTA(Z31:AE31)-COUNTIF(Z31:AE31,"NA"))*100,"") | AW31: =IFERROR((COUNTIF(AF31:AJ31,"Yes")+0.5*COUNTIF(AF31:AJ31,"Partial"))/(COUNTA(AF31:AJ31)-COUNTIF(AF31:AJ31,"NA"))*100,"") | AX31: =IFERROR((COUNTIF(AK31:AM31,"Yes")+0.5*COUNTIF(AK31:AM31,"Partial"))/(COUNTA(AK31:AM31)-COUNTIF(AK31:AM31,"NA"))*100,"") | AY31: =IFERROR((COUNTIF(AN31:AQ31,"Yes")+0.5*COUNTIF(AN31:AQ31,"Partial"))/(COUNTA(AN31:AQ31)-COUNTIF(AN31:AQ31,"NA"))*100,"") | AZ31: =IFERROR(AVERAGE(IF(ISNUMBER(AR31:AY31),AR31:AY31)),"") | BA31: =IF(AZ31="","",IF(AZ31>=80,"Compliant",IF(AZ31>=50,"Partial","Non-Compliant")))
D1048576: Vaibhav Tiwari

Sheet Category Summary
A1: S.No | B1: Building | C1: Block | D1: Entrance & Approach | E1: Lifts & Stairs | F1: Corridors & Pathways | G1: Signage & Wayfinding | H1: Washroom Accessibility | I1: Emergency & Safety | J1: Classroom & Furniture | K1: External & Common Facilities | L1: Overall % | M1: Compliance
A2: 1 | B2: Zakir A | C2: Zakir Husain Block | D2: ='Raw Audit Data'!AR3 | E2: ='Raw Audit Data'!AS3 | F2: ='Raw Audit Data'!AT3 | G2: ='Raw Audit Data'!AU3 | H2: ='Raw Audit Data'!AV3 | I2: ='Raw Audit Data'!AW3 | J2: ='Raw Audit Data'!AX3 | K2: ='Raw Audit Data'!AY3 | ... M2: ='Raw Audit Data'!BA3
A3: 2 | B3: Zakir B | C3: Zakir Husain Block | D3: ='Raw Audit Data'!AR4 | E3: ='Raw Audit Data'!AS4 | F3: ='Raw Audit Data'!AT4 | G3: ='Raw Audit Data'!AU4 | H3: ='Raw Audit Data'!AV4 | I3: ='Raw Audit Data'!AW4 | J3: ='Raw Audit Data'!AX4 | K3: ='Raw Audit Data'!AY4 | ... M3: ='Raw Audit Data'!BA4
A4: 3 | B4: Zakir C | C4: Zakir Husain Block | D4: ='Raw Audit Data'!AR5 | E4: ='Raw Audit Data'!AS5 | F4: ='Raw Audit Data'!AT5 | G4: ='Raw Audit Data'!AU5 | H4: ='Raw Audit Data'!AV5 | I4: ='Raw Audit Data'!AW5 | J4: ='Raw Audit Data'!AX5 | K4: ='Raw Audit Data'!AY5 | ... M4: ='Raw Audit Data'!BA5
A5: 4 | B5: NC 1 | C5: New Campus Block | D5: ='Raw Audit Data'!AR6 | E5: ='Raw Audit Data'!AS6 | F5: ='Raw Audit Data'!AT6 | G5: ='Raw Audit Data'!AU6 | H5: ='Raw Audit Data'!AV6 | I5: ='Raw Audit Data'!AW6 | J5: ='Raw Audit Data'!AX6 | K5: ='Raw Audit Data'!AY6 | ... M5: ='Raw Audit Data'!BA6
A6: 5 | B6: NC 2 | C6: New Campus Block | D6: ='Raw Audit Data'!AR7 | E6: ='Raw Audit Data'!AS7 | F6: ='Raw Audit Data'!AT7 | G6: ='Raw Audit Data'!AU7 | H6: ='Raw Audit Data'!AV7 | I6: ='Raw Audit Data'!AW7 | J6: ='Raw Audit Data'!AX7 | K6: ='Raw Audit Data'!AY7 | ... M6: ='Raw Audit Data'!BA7
A7: 6 | B7: NC 3 | C7: New Campus Block | D7: ='Raw Audit Data'!AR8 | E7: ='Raw Audit Data'!AS8 | F7: ='Raw Audit Data'!AT8 | G7: ='Raw Audit Data'!AU8 | H7: ='Raw Audit Data'!AV8 | I7: ='Raw Audit Data'!AW8 | J7: ='Raw Audit Data'!AX8 | K7: ='Raw Audit Data'!AY8 | ... M7: ='Raw Audit Data'!BA8
A8: 7 | B8: NC 4 | C8: New Campus Block | D8: ='Raw Audit Data'!AR9 | E8: ='Raw Audit Data'!AS9 | F8: ='Raw Audit Data'!AT9 | G8: ='Raw Audit Data'!AU9 | H8: ='Raw Audit Data'!AV9 | I8: ='Raw Audit Data'!AW9 | J8: ='Raw Audit Data'!AX9 | K8: ='Raw Audit Data'!AY9 | ... M8: ='Raw Audit Data'!BA9
A9: 8 | B9: NC 5 | C9: New Campus Block | D9: ='Raw Audit Data'!AR10 | E9: ='Raw Audit Data'!AS10 | F9: ='Raw Audit Data'!AT10 | G9: ='Raw Audit Data'!AU10 | H9: ='Raw Audit Data'!AV10 | I9: ='Raw Audit Data'!AW10 | J9: ='Raw Audit Data'!AX10 | K9: ='Raw Audit Data'!AY10 | ... M9: ='Raw Audit Data'!BA10
A10: 9 | B10: D1 | C10: D Block | D10: ='Raw Audit Data'!AR11 | E10: ='Raw Audit Data'!AS11 | F10: ='Raw Audit Data'!AT11 | G10: ='Raw Audit Data'!AU11 | H10: ='Raw Audit Data'!AV11 | I10: ='Raw Audit Data'!AW11 | J10: ='Raw Audit Data'!AX11 | K10: ='Raw Audit Data'!AY11 | ... M10: ='Raw Audit Data'!BA11
A11: 10 | B11: D2 | C11: D Block | D11: ='Raw Audit Data'!AR12 | E11: ='Raw Audit Data'!AS12 | F11: ='Raw Audit Data'!AT12 | G11: ='Raw Audit Data'!AU12 | H11: ='Raw Audit Data'!AV12 | I11: ='Raw Audit Data'!AW12 | J11: ='Raw Audit Data'!AX12 | K11: ='Raw Audit Data'!AY12 | ... M11: ='Raw Audit Data'!BA12
A12: 11 | B12: D3 | C12: D Block | D12: ='Raw Audit Data'!AR13 | E12: ='Raw Audit Data'!AS13 | F12: ='Raw Audit Data'!AT13 | G12: ='Raw Audit Data'!AU13 | H12: ='Raw Audit Data'!AV13 | I12: ='Raw Audit Data'!AW13 | J12: ='Raw Audit Data'!AX13 | K12: ='Raw Audit Data'!AY13 | ... M12: ='Raw Audit Data'!BA13
A13: 12 | B13: D4 | C13: D Block | D13: ='Raw Audit Data'!AR14 | E13: ='Raw Audit Data'!AS14 | F13: ='Raw Audit Data'!AT14 | G13: ='Raw Audit Data'!AU14 | H13: ='Raw Audit Data'!AV14 | I13: ='Raw Audit Data'!AW14 | J13: ='Raw Audit Data'!AX14 | K13: ='Raw Audit Data'!AY14 | ... M13: ='Raw Audit Data'!BA14
... A30: 29 | B30: A3 | C30: A Block | D30: ='Raw Audit Data'!AR31 | E30: ='Raw Audit Data'!AS31 | F30: ='Raw Audit Data'!AT31 | G30: ='Raw Audit Data'!AU31 | H30: ='Raw Audit Data'!AV31 | I30: ='Raw Audit Data'!AW31 | J30: ='Raw Audit Data'!AX31 | K30: ='Raw Audit Data'!AY31 | ... M30: ='Raw Audit Data'!BA31

Sheet Block-wise Summary
A1: Block | B1: Buildings | C1: Entrance & Approach | D1: Lifts & Stairs | E1: Corridors & Pathways | F1: Signage & Wayfinding | G1: Washroom Accessibility | H1: Emergency & Safety | I1: Classroom & Furniture | J1: External & Common Facilities | K1: Overall % | L1: Compliance
A2: Zakir Husain Block | B2: Zakir A, Zakir B, Zakir C | C2: =IFERROR(AVERAGE('Category Summary'!D2,'Category Summary'!D3,'Category Summary'!D4),"") | D2: =IFERROR(AVERAGE('Category Summary'!E2,'Category Summary'!E3,'Category Summary'!E4),"") | E2: =IFERROR(AVERAGE('Category Summary'!F2,'Category Summary'!F3,'Category Summary'!F4),"") | F2: =IFERROR(AVERAGE('Category Summary'!G2,'Category Summary'!G3,'Category Summary'!G4),"") | G2: =IFERROR(AVERAGE('Category Summary'!H2,'Category Summary'!H3,'Category Summary'!H4),"") | H2: =IFERROR(AVERAGE('Category Summary'!I2,'Category Summary'!I3,'Category Summary'!I4),"") | I2: =IFERROR(AVERAGE('Category Summary'!J2,'Category Summary'!J3,'Category Summary'!J4),"") | J2: =IFERROR(AVERAGE('Category Summary'!K2,'Category Summary'!K3,'Category Summary'!K4),"") | K2: =IFERROR(AVERAGE('Category Summary'!L2,'Category Summary'!L3,'Category Summary'!L4),"") | L2: =IF(K2="","",IF(K2>=80,"Compliant",IF(K2>=50,"Partial","Non-Compliant")))
A3: New Campus Block | B3: NC 1, NC 2, NC 3, NC 4, NC 5 | C3: =IFERROR(AVERAGE('Category Summary'!D5,'Category Summary'!D6,'Category Summary'!D7,'Category Summary'!D8,'Category Summary'!D9),"") | D3: =IFERROR(AVERAGE('Category Summary'!E5,'Category Summary'!E6,'Category Summary'!E7,'Category Summary'!E8,'Category Summary'!E9),"") | E3: =IFERROR(AVERAGE('Category Summary'!F5,'Category Summary'!F6,'Category Summary'!F7,'Category Summary'!F8,'Category Summary'!F9),"") | F3: =IFERROR(AVERAGE('Category Summary'!G5,'Category Summary'!G6,'Category Summary'!G7,'Category Summary'!G8,'Category Summary'!G9),"") | G3: =IFERROR(AVERAGE('Category Summary'!H5,'Category Summary'!H6,'Category Summary'!H7,'Category Summary'!H8,'Category Summary'!H9),"") | H3: =IFERROR(AVERAGE('Category Summary'!I5,'Category Summary'!I6,'Category Summary'!I7,'Category Summary'!I8,'Category Summary'!I9),"") | I3: =IFERROR(AVERAGE('Category Summary'!J5,'Category Summary'!J6,'Category Summary'!J7,'Category Summary'!J8,'Category Summary'!J9),"") | J3: =IFERROR(AVERAGE('Category Summary'!K5,'Category Summary'!K6,'Category Summary'!K7,'Category Summary'!K8,'Category Summary'!K9),"") | K3: =IFERROR(AVERAGE('Category Summary'!L5,'Category Summary'!L6,'Category Summary'!L7,'Category Summary'!L8,'Category Summary'!L9),"") | L3: =IF(K3="","",IF(K3>=80,"Compliant",IF(K3>=50,"Partial","Non-Compliant")))
A4: D Block | B4: D1, D2, D3, D4, D5, D6, D7, D8 | C4: =IFERROR(AVERAGE('Category Summary'!D10,'Category Summary'!D11,'Category Summary'!D12,'Category Summary'!D13,'Category Summary'!D14,'Category Summary'!D15,'Category Summary'!D16,'Category Summary'!D17),"") | D4: =IFERROR(AVERAGE('Category Summary'!E10,'Category Summary'!E11,'Category Summary'!E12,'Category Summary'!E13,'Category Summary'!E14,'Category Summary'!E15,'Category Summary'!E16,'Category Summary'!E17),"") | E4: =IFERROR(AVERAGE('Category Summary'!F10,'Category Summary'!F11,'Category Summary'!F12,'Category Summary'!F13,'Category Summary'!F14,'Category Summary'!F15,'Category Summary'!F16,'Category Summary'!F17),"") | F4: =IFERROR(AVERAGE('Category Summary'!G10,'Category Summary'!G11,'Category Summary'!G12,'Category Summary'!G13,'Category Summary'!G14,'Category Summary'!G15,'Category Summary'!G16,'Category Summary'!G17),"") | G4: =IFERROR(AVERAGE('Category Summary'!H10,'Category Summary'!H11,'Category Summary'!H12,'Category Summary'!H13,'Category Summary'!H14,'Category Summary'!H15,'Category Summary'!H16,'Category Summary'!H17),"") | H4: =IFERROR(AVERAGE('Category Summary'!I10,'Category Summary'!I11,'Category Summary'!I12,'Category Summary'!I13,'Category Summary'!I14,'Category Summary'!I15,'Category Summary'!I16,'Category Summary'!I17),"") | I4: =IFERROR(AVERAGE('Category Summary'!J10,'Category Summary'!J11,'Category Summary'!J12,'Category Summary'!J13,'Category Summary'!J14,'Category Summary'!J15,'Category Summary'!J16,'Category Summary'!J17),"") | J4: =IFERROR(AVERAGE('Category Summary'!K10,'Category Summary'!K11,'Category Summary'!K12,'Category Summary'!K13,'Category Summary'!K14,'Category Summary'!K15,'Category Summary'!K16,'Category Summary'!K17),"") | K4: =IFERROR(AVERAGE('Category Summary'!L10,'Category Summary'!L11,'Category Summary'!L12,'Category Summary'!L13,'Category Summary'!L14,'Category Summary'!L15,'Category Summary'!L16,'Category Summary'!L17),"") | L4: =IF(K4="","",IF(K4>=80,"Compliant",IF(K4>=50,"Partial","Non-Compliant")))
A5: DD Block | B5: DD1, DD2 | C5: =IFERROR(AVERAGE('Category Summary'!D18,'Category Summary'!D19),"") | D5: =IFERROR(AVERAGE('Category Summary'!E18,'Category Summary'!E19),"") | E5: =IFERROR(AVERAGE('Category Summary'!F18,'Category Summary'!F19),"") | F5: =IFERROR(AVERAGE('Category Summary'!G18,'Category Summary'!G19),"") | G5: =IFERROR(AVERAGE('Category Summary'!H18,'Category Summary'!H19),"") | H5: =IFERROR(AVERAGE('Category Summary'!I18,'Category Summary'!I19),"") | I5: =IFERROR(AVERAGE('Category Summary'!J18,'Category Summary'!J19),"") | J5: =IFERROR(AVERAGE('Category Summary'!K18,'Category Summary'!K19),"") | K5: =IFERROR(AVERAGE('Category Summary'!L18,'Category Summary'!L19),"") | L5: =IF(K5="","",IF(K5>=80,"Compliant",IF(K5>=50,"Partial","Non-Compliant")))
A6: C Block | B6: C1, C2, C3 | C6: =IFERROR(AVERAGE('Category Summary'!D20,'Category Summary'!D21,'Category Summary'!D22),"") | D6: =IFERROR(AVERAGE('Category Summary'!E20,'Category Summary'!E21,'Category Summary'!E22),"") | E6: =IFERROR(AVERAGE('Category Summary'!F20,'Category Summary'!F21,'Category Summary'!F22),"") | F6: =IFERROR(AVERAGE('Category Summary'!G20,'Category Summary'!G21,'Category Summary'!G22),"") | G6: =IFERROR(AVERAGE('Category Summary'!H20,'Category Summary'!H21,'Category Summary'!H22),"") | H6: =IFERROR(AVERAGE('Category Summary'!I20,'Category Summary'!I21,'Category Summary'!I22),"") | I6: =IFERROR(AVERAGE('Category Summary'!J20,'Category Summary'!J21,'Category Summary'!J22),"") | J6: =IFERROR(AVERAGE('Category Summary'!K20,'Category Summary'!K21,'Category Summary'!K22),"") | K6: =IFERROR(AVERAGE('Category Summary'!L20,'Category Summary'!L21,'Category Summary'!L22),"") | L6: =IF(K6="","",IF(K6>=80,"Compliant",IF(K6>=50,"Partial","Non-Compliant")))
A7: B Block | B7: B1, B2, B3, B4, B5 | C7: =IFERROR(AVERAGE('Category Summary'!D23,'Category Summary'!D24,'Category Summary'!D25,'Category Summary'!D26,'Category Summary'!D27),"") | D7: =IFERROR(AVERAGE('Category Summary'!E23,'Category Summary'!E24,'Category Summary'!E25,'Category Summary'!E26,'Category Summary'!E27),"") | E7: =IFERROR(AVERAGE('Category Summary'!F23,'Category Summary'!F24,'Category Summary'!F25,'Category Summary'!F26,'Category Summary'!F27),"") | F7: =IFERROR(AVERAGE('Category Summary'!G23,'Category Summary'!G24,'Category Summary'!G25,'Category Summary'!G26,'Category Summary'!G27),"") | G7: =IFERROR(AVERAGE('Category Summary'!H23,'Category Summary'!H24,'Category Summary'!H25,'Category Summary'!H26,'Category Summary'!H27),"") | H7: =IFERROR(AVERAGE('Category Summary'!I23,'Category Summary'!I24,'Category Summary'!I25,'Category Summary'!I26,'Category Summary'!I27),"") | I7: =IFERROR(AVERAGE('Category Summary'!J23,'Category Summary'!J24,'Category Summary'!J25,'Category Summary'!J26,'Category Summary'!J27),"") | J7: =IFERROR(AVERAGE('Category Summary'!K23,'Category Summary'!K24,'Category Summary'!K25,'Category Summary'!K26,'Category Summary'!K27),"") | K7: =IFERROR(AVERAGE('Category Summary'!L23,'Category Summary'!L24,'Category Summary'!L25,'Category Summary'!L26,'Category Summary'!L27),"") | L7: =IF(K7="","",IF(K7>=80,"Compliant",IF(K7>=50,"Partial","Non-Compliant")))
A8: A Block | B8: A1, A2, A3 | C8: =IFERROR(AVERAGE('Category Summary'!D28,'Category Summary'!D29,'Category Summary'!D30),"") | D8: =IFERROR(AVERAGE('Category Summary'!E28,'Category Summary'!E29,'Category Summary'!E30),"") | E8: =IFERROR(AVERAGE('Category Summary'!F28,'Category Summary'!F29,'Category Summary'!F30),"") | F8: =IFERROR(AVERAGE('Category Summary'!G28,'Category Summary'!G29,'Category Summary'!G30),"") | G8: =IFERROR(AVERAGE('Category Summary'!H28,'Category Summary'!H29,'Category Summary'!H30),"") | H8: =IFERROR(AVERAGE('Category Summary'!I28,'Category Summary'!I29,'Category Summary'!I30),"") | I8: =IFERROR(AVERAGE('Category Summary'!J28,'Category Summary'!J29,'Category Summary'!J30),"") | J8: =IFERROR(AVERAGE('Category Summary'!K28,'Category Summary'!K29,'Category Summary'!K30),"") | K8: =IFERROR(AVERAGE('Category Summary'!L28,'Category Summary'!L29,'Category Summary'!L30),"") | L8: =IF(K8="","",IF(K8>=80,"Compliant",IF(K8>=50,"Partial","Non-Compliant")))

Sheet Scoring Guide
A1: CAMPUS ACCESSIBILITY AUDIT - SCORING GUIDE
A3: HOW TO FILL THE SURVEY
A4: For each building, select from the dropdown:
A6: Response | B6: Meaning | C6: When to Use | D6: Score
A7: Yes | B7: Available and working properly | C7: Ramp exists, good condition, usable | D7: 1
A8: No | B8: Not available at all | C8: No ramp exists anywhere | D8: 0
A9: Partial | B9: Exists but damaged / incomplete / unusable | C9: Ramp exists but broken or too steep | D9: 0.5
A10: NA | B10: Not applicable to this building | C10: Single-floor building has no lift needed | D10: Excluded
A12: COMPLIANCE RATING
A13: Score Range | B13: Rating | C13: Color | D13: Action
A14: >= 80% | B14: Compliant | C14: Green | D14: Minor improvements only
A15: 50% - 79% | B15: Partial | C15: Yellow | D15: Priority fixes needed
A16: < 50% | B16: Non-Compliant | C16: Red | D16: Urgent action required
A18: CHECKLIST QUESTIONS BY CATEGORY
A20: Entrance & Approach (6 questions)
A21: 1. Is the main entrance step-free?
A22: 2. Is a ramp available at the entrance?
A23: 3. Is the ramp slope gentle enough for a wheelchair?
A24: 4. Does the ramp have a non-slip surface?
A25: 5. Are doors easy to open (light push or automatic)?
A26: 6. Is the entrance wide enough for a wheelchair?
A28: Lifts & Stairs (6 questions)
A29: 1. Is a lift / elevator available?
A30: 2. Does the lift have Braille buttons?
A31: 3. Does the lift announce floors (audio)?
... A85: - WCAG 2.1 AA (for digital signage)
